http://138.68.1.184/profiles/24/?format=json,24,,Albuquerque,New Mexico,35.084386,-106.650422,,,USA,https://www.inaturalist.org/projects/city-nature-challenge-2019-abq,"UNM Department of Geography and Environmental Studies, The Nature Conservancy-New Mexico","Albuquerque Public Library, Defenders of Wildlife, Albuquerque Open Space, Albuquerque Open Space Alliance, Valle de Oro, Friends of Valle de Oro, New Mexico Herpetological Society, Bernalillo County Open Space Master Naturalists, Urban Bird Coalition, Rio Grande Phenology Trail, Central New Mexico Audubon, NM MESA",true
http://138.68.1.184/profiles/26/?format=json,26,5750 Sanger Ave,Alexandria,Virginia,38.804836,-77.046921,,22311,USA,https://www.inaturalist.org/projects/city-nature-challenge-2019-alexandria-va,"Jerome ""Buddie"" Ford Nature Center",,true
http://138.68.1.184/profiles/27/?format=json,27,4209 Bowie Street,Amarillo,Texas,35.221997,-101.831297,,79110,USA,,Texas Master Naturalist,Palo Duro Canyon State Park,true
http://138.68.1.184/profiles/28/?format=json,28,"Morelos #71, Jose L. Portillo",Angel R Cabada,Veracruz,18.59451,-95.44225,Meso America,95843,Mexico,https://www.naturalista.mx/projects/reto-urbano-naturalista-2019-cabada,"Obed Palagot Echavarria, Daniela Jacome Hernandez, Mario Berthely Salazar, Leopoldo Arlandiz Echavarria, Gabriel Villalba","ECOPIL ARTE CREA CONCIENCIA, RADIO CABADENSE 103.1 FM, H AYUNTAMIENTO DE ANGEL R CABADA, MARIPOSARIO KALI PAPALOTE",true
http://138.68.1.184/profiles/29/?format=json,29,,Ann Arbor,Michigan,42.280826,-83.743038,,,USA,https://www.inaturalist.org/projects/city-nature-challenge-2019-ann-arbor,City of Ann Arbor,,true
http://138.68.1.184/profiles/30/?format=json,30,,Aracaju,,-10.947247,-37.073082,,,Brazil,https://www.inaturalist.org/projects/city-nature-challenge-2019-aracaju,,,true
http://138.68.1.184/profiles/31/?format=json,31,100 Frederick Law Olmsted Way,Asheville,North Carolina,35.595058,-82.551487,North Carolina,28806,USA,https://www.inaturalist.org/projects/city-nature-challenge-2019-western-nc,Jonathan Marchal,"The North Carolina Arboretum, The Cradle of Forestry Interpretive Association",true
http://138.68.1.184/profiles/152/?format=json,152,Biglas  5,Athens,Peristeri,37.98381,23.727539,,12132,GREECE,https://www.inaturalist.org/projects/city-nature-challenge-2019-athens-greece-d0f3fc23-173c-4335-8bd9-5509c7d6a560,"KLEOPATRA ALAMANTARIOTOU 
CEO founder Biomimicry Greece Research and Innovation","RESONANCE FOUNDATION GREECE ,
NASA SPACE APPS,
GAIOPHILIA INSTITUTE, 
BIO ART FESTIVAL GREECE,",true
http://138.68.1.184/profiles/32/?format=json,32,767 Clifton Rd NE,Atlanta,Georgia,33.748995,-84.387982,Southeastern US,30317,USA,https://www.inaturalist.org/projects/city-nature-challenge-2019-atlanta,"Fernbank Museum of Natural History, eli.dickerson@fernbankmuseum.org","Trees Atlanta,
Amphibian Foundation,
Atlanta Audubon Society,
West Atlanta Watershed Alliance,
CCWA/Newman Wetlands Ctr,
Reynold's Nature Preserve,
Clayton County Parks,
Blue Heron Nature Preserve,
ATL Nature,
Southern Conservation Trust,
Chattahoochee Nature Center,
Sylvatica Studio,
Frazer Center,
Olmsted Linear Park Alliance,
Atlanta Science Festival,
City of Chattahoochee Hills,
City of Sandy Springs Recreation and Parks",true
http://138.68.1.184/profiles/33/?format=json,33,,Austin,Texas,30.267153,-97.743061,,,United States,https://www.inaturalist.org/projects/city-nature-challenge-2019-austin,Texas Master Naturalists,Texas Parks and Wildlife,true
http://138.68.1.184/profiles/34/?format=json,34,,Baltimore,Maryland,39.290385,-76.612189,,,USA,https://www.inaturalist.org/projects/city-nature-challenge-2019-baltimore,National Aquarium,"Backyard Basecamp, Baltimore Bird Club, Baltimore City Public Schools, Baltimore City Recreation and Parks, Bear Branch Nature Center, Blue Water Baltimore, Carrie Murray Nature Center, Charm City Meadworks, Chesapeake Bay Foundation, Community Ecology Institute, Corazon Latino, Deep Creek Lake MCC, Defenders of Wildlife, Friends of Garrett Park, Greater Baltimore Wilderness Coalition, Gunpowder Falls State Park, Harford Glen Environmental Education Center, Howard County Conservancy, Howard County Recreation and Parks, Jemicy School, Jug Bay Wetlands Sanctuary, Lights Out Baltimore, Maryland Master Naturalist Program, Maryland Native Plant Society, Natural History Society of Maryland, Parks & People Foundation, Patapsco Valley State Park, Patterson Park Audubon Center, Smithsonian Environmental Research Center, Susquehanna MCC, The Maryland Zoo, National Park Service, The Nature Conservancy MD/DC Chapter, Towson University, Trout Unlimited, University of Baltimore, University of Maryland Baltimore County, U.S. Fish and Wildlife Service, USDA Forest Service Baltimore Field Station, and Waterfront Partnership of Baltimore.",true
http://138.68.1.184/profiles/153/?format=json,153,,"Bangor, Lewiston/Auburn, Portland Areas",Maine,44.084127,-70.201929,,,USA,https://www.inaturalist.org/projects/city-nature-challenge-2019-maine,Gulf of Maine Maine Education Association (GOMMEA); Gulf of Maine Research Institute (GMRI); Maine Discovery Museum (MDM); Portland Public Library; Bangor Land Trust; Girl Scouts of Maine; Maine Science Festival (MSF),Wells National Estuarine Research Reserve;,true
http://138.68.1.184/profiles/35/?format=json,35,"Ctra. Figueroles, 19",Banyoles,Catalonia,42.118183,2.765149,Girona,17820,Banyoles,https://sites.google.com/insbrugulat.cat/biomarato2019/inici,INS Josep Brugulat,"Ajuntament de Banyoles
Museu Darder
Limnos",true
http://138.68.1.184/profiles/36/?format=json,36,Passeig Maritim Barceloneta 37-49,Barcelona,Barcelona,41.385064,2.173403,Barcelona,8003,Spain,https://natusfera.gbif.es/projects/biomarato-barcelona-cnc-2019,"Institut de Ciències del Mar (ICM-CSIC), Centre de Recerca Ecològica i Aplicacions Forestals (CREAF)","Anèl·lides Serveis Ambientals Marins, Grup Naturalista del VIRSA, Aula Ambiental Bosc Turull,  Ajuntament de Barberà del Vallès, Grup d’Aficionats a la Fotografia de Natura (GAFN), Bineo Consulting, Ajuntament de Barcelona, Ajuntament del Prat, Associació Naturalista Torrellenca “La Formiga” (ANT), Ajuntament de Badalona, Ateneu Assembleari Begues, Centre d’Estudis Beguetans (CEB), Consorci per a la Protecció i la Gestió dels Espais Naturals del Delta del Llobregat, I Can Walk, Parc Natural de la Serra de Collserola, Jardí Botànic de Barcelona (MCNB), Associació d’Amics del Jardí Botànic (AAJBB), Centre Excursionista de Catalunya (CEC), Plataforma Salvem l’Olla del Rei, Ajuntament de Castelldefels, Àrea Metropolitana de Barcelona, Grup de Natura Corbera de Llobregat, Ajuntament de Corbera de Llobregat, Ajuntament de Santa Coloma de Gramenet, Ajuntament de Sant Adrià de Besòs, Associació El Mussol per a la protecció del paisatge, Amics de les Roses, Ajuntament de Sant Feliu de Llobregat, Zoo de Barcelona,  Ajuntament de Pallejà, Ajuntament de Ripollet, Col·legi de Biòlegs de Catalunya, Diputació de Barcelona, Fundació Navegació Oceànica Barcelona (FNOB), Grup de recerca Freshwater Ecology and Management (FEM-UB), Institució Catalana d’Història Natural (ICHN-IEC), Saita Diving, Turó Solidari Cerdanyola del Vallès, Facultat de Biociències (UAB), Facultat de Biologia (UB), Fundació Ciència en Societat",true
http://138.68.1.184/profiles/37/?format=json,37,,Belém,,-1.455729,-48.490179,,,Brazil,https://www.inaturalist.org/projects/city-nature-challenge-2019-belem,,,true
http://138.68.1.184/profiles/38/?format=json,38,,Belo Horizonte,,-19.916681,-43.934493,,,Brazil,https://www.inaturalist.org/projects/city-nature-challenge-2019-belo-horizonte,,,true
http://138.68.1.184/profiles/39/?format=json,39,Invalidenstrasse 43,Berlin,Berlin,52.520007,13.404954,Berlin,10115,Germany,https://www.museumfuernaturkunde.berlin/de/mitmachen/buergerwissenschaften/city-nature-challenge-2019-berlin,"Museum für Naturkunde
Leibniz Institute for Evolution and Biodiversity Science","Agrarbörse Deutschland Ost e.V.,

Berliner Artenschutz Team BAT e.V.,

Botanischer Volkspark Blankenfelde-Pankow,

Forschungsfall Nachtigall,

Freilandlabor Britz e.V.,

Freilandlabor Kaniswall,

Freilandlabor Marzahn,

Haus Natur und Umwelt,

Leibniz-Institut für Zoo- und Wildtierforschung (IZW),

NABU Berlin- Fachgruppe Batcity Berlin,

Naturtreffpunkt,

Ökowerk Berlin e.V.,

Umweltbildungszentrum Kienberg Grün Berlin GmbH",true
http://138.68.1.184/profiles/40/?format=json,40,,Birmingham,Alabama,33.518589,-86.810357,,,USA,https://www.inaturalist.org/projects/city-nature-challenge-2019-birmingham-metro-area,Alabama Museum of Natural History,"Birmingham Audubon, Birmingham Botanical Gardens, Cahaba Riverkeeper, Nature Conservancy Alabama, University of Alabama Arboretum",true
http://138.68.1.184/profiles/41/?format=json,41,,Blacksburg,Virginia,37.229573,-80.413939,,,USA,https://www.inaturalist.org/projects/city-nature-challenge-2019-blacksburg-va,,,true
http://138.68.1.184/profiles/44/?format=json,44,,Bogotá,,4.710989,-74.072092,,,Colombia,https://colombia.inaturalist.org/projects/reto-naturalista-urbano-2019-bogota-d-c,Instituto de Investigación de Recursos Biológicos Alexander von Humboldt,"Mateo Hernández, Secretaría Distrital de Ambiente de Bogotá, Fundación Dodo, Gimnasio Femenino, Fundación Cerros, Grupo Ecomunitario, SiB Colombia, Red de Colegios de los Cerros de Bogotá, Museo de Ciencias - Universidad del Bosque, Fundación Humedales de Bogotá, Maestría en Uso, manejo y conservación del bosque - Universidad Distrital, Colegio Gran Bretaña, Jardín Botánico de Bogotá, Fundación Karisma, Instituto Distrital de Protección y Bienestar Animal, SiB Colombia, Pontificia Universidad Javeriana",true
http://138.68.1.184/profiles/154/?format=json,154,,Boston Area,Massachusetts,42.360071,-71.05883,,,USA,https://www.inaturalist.org/projects/city-nature-challenge-2019-boston-area,"Encyclopedia of Life Learning + Education Group, Brandeis University Environmental Studies Department, Zoo New England,  Earthwatch Institute, New England Ocean Science Education Collaborative, Mass Audubon, Suffolk University, University of Massachusetts Boston","Boston Greenovate,
Boston Harbor Cruises,
Boston Harbor Islands National & State Park,
Bridgewater State University,
Cambridge Wildlife Puppetry Project,
Charles River Watershed Association,
City of Malden,
City of Medford,
City of Somerville,
Earthwise Aware,
Emerald Necklace Conservancy,
Fresh Pond Reservation,
Friends of the Malden River,
Harvard Forest,
Mass Audubon’s Boston Nature Center,
MA Office of Coastal Zone Management,
Medford High School,
Mount Auburn Cemetery,
Mystic River Watershed Association,
National Park Service,
New England Aquarium - Live Blue Service Corps and Community Programs,
Ocean Bay Girl Scouts,
Pare Corporation,
Quincy Park Dept. Environmental Treasures Program,
Rose Kennedy Greenway,
Salem Maritime and Saugus Iron Works, National Historic Sites,
Salem Sound Coastwatch,
Stonehill College,
The Arnold Arboretum of Harvard University,
The Trustees of Reservations,
US EPA New England Regional Laboratory,
US Fish & Wildlife Service/Assabet River, National Wildlife Refuge,
Walden Woods Project,
Wellesley College,
Wright Farm",true
http://138.68.1.184/profiles/45/?format=json,45,,Boulder-Denver Metro Area,Colorado,40.014986,-105.270546,,,USA,https://www.inaturalist.org/projects/city-nature-challenge-2019-boulder-denver-metro-area,"Colorado Parks and Wildlife, Metro Denver Nature Alliance, The Nature Conservancy, WILD Foundation",,true
http://138.68.1.184/profiles/46/?format=json,46,"CBC - Via EPIA, BR 450, KM 8,5 , PNB - Bairro PNB",Brasília,Distrito Federal,-15.826691,-47.92182,Centro-Oeste (Midwest),70635-800,Brazil,,"Onildo J Marini-Filho
Barbara Moraes Thompson
Douglas U Oliveira
Carlos A S Correia",Centro Nacional de Avaliação da Biodiversidade e de Pesquisa e Conservação do Cerrado/Instituto Chico Mendes de Conservação da Biodiversidade - CBC/ICMBio; Jardim Botânico de Brasília - JBB,true
http://138.68.1.184/profiles/155/?format=json,155,,Bristol & Bath City Region,--,51.381064,-2.359017,,,United Kingdom,https://www.inaturalist.org/projects/city-nature-challenge-2019-bristol-bath,The Natural History Consortium,"Avon Wildlife Trust, Bath and Northeast Somerset Council, BBC Natural History Unit, Bristol City Council, Bristol Zoo Gardens, Defra, Forestry Commission, National Trust, Natural England, University of Bath, University of Bristol, University of the West of England, Wildfowl and Wetlands Trust, Woodland Trust",true
http://138.68.1.184/profiles/156/?format=json,156,,Buenos Aires,Ciudad Autónoma de Buenos Aires,-34.603684,-58.381559,,,Argentina,,"Museo Argentino de Ciencias Naturales ""Bernardino Rivadavia""",,true
http://138.68.1.184/profiles/47/?format=json,47,4542 Hamptons way NW,Calgary,Alberta,51.048615,-114.070846,,T3A 5H7,Canada,https://www.inaturalist.org/projects/city-nature-challenge-2019-calgary-alberta,Matt Wallace,"Nature Calgary,  Friends of Fish Creek Provincial Park, Weaselhead/Glenmore Park Preservation Society, Miistakis Research Institute, University of Calgary Geography Department, Palliser Club, Green Calgary, Friends of Reader Rock Garden, RiverWatch, Sidewalk Citizen Bakery, Friends of Nose Creek, Calgary River Valleys/ Friends of Confederation Park, Friends of Reader Rock Garden, The Wild Bird Store",true
http://138.68.1.184/profiles/48/?format=json,48,,Campo Grande,,-20.469711,-54.620121,,,Brazil,https://www.inaturalist.org/projects/city-nature-challenge-2019-campo-grande,,,true
http://138.68.1.184/profiles/49/?format=json,49,,Cancún,,21.161908,-86.851528,,,Mexico,https://www.naturalista.mx/projects/city-nature-challenge-2019-cancun-mexico,,,true
http://138.68.1.184/profiles/50/?format=json,50,,Cape Town,Western Cape,-33.924869,18.424055,,,South Africa,https://www.inaturalist.org/projects/city-nature-challenge-2019-cape-town,"South African National Biodiversity Institute,
City of Cape Town Biodiversity Branch -  Environmental Management Department","Custodians of Rare and Endangered WIldflowers (CREW), Wildlife and Environmental Society of South Africa (WESSA) Friends Groups,  Botanical Society of South Africa - Kirstenbosch Branch, Table Mountain National Park Honorary Rangers, Scouts South Africa, Girl Guides, SURG",true
http://138.68.1.184/profiles/51/?format=json,51,,Catania,Italy,37.507877,15.08303,Sicily,,Italy,https://natusfera.gbif.es/projects/cluster-italia-catania-cnc-2019,Ente Fauna Marina Mediterranea,"Natusfera
WWF Italia
AIGAE Associazione Italiana Guide Ambientali Escursionistiche
Polyxena
CNGEI - Associazione Scout Laica
Associazione Antropia - CEA Cisternino
EBN Italia
Etna & Sea Excursion
For PLAY s.r.l
ENVI.INFO
Dolce Vita Magazine
CSA - Centro Studi Acitrezza
Italia Che Cambia
Radio3 Rai
Sapereambiente
Fondazione CON IL SUD
CESAB",true
http://138.68.1.184/profiles/157/?format=json,157,,Charlotte,North Carolina,35.227087,-80.843127,,,USA,https://www.inaturalist.org/projects/city-nature-challenge-2019-charlotte-metro,"Alex Beck, Cabarrus County Active Living and Parks; Mandy Smith-Thompson, City of Concord; Angel Hjarding, NCWF.","Cabarrus County Government, Cabarrus County Schools, Cabarrus County Active Living and Parks, Cabarrus County Soil and Water, Stanley County Schools, Mecklenburg County Parks and Rec, City of Concord, City of Salisbury, Town of Lowell, Town of Mount Holly, Gaston County Parks and Recreation, Union County Parks and Recreation, Union County Soil and Water, Iredell County Parks and Rec, Rowan County Parks and Rec, Rowan County Soil and Water, Cabarrus Brewing Company",true
http://138.68.1.184/profiles/52/?format=json,52,,Charlottesville,Virginia,38.029306,-78.476678,,22901,USA,https://www.inaturalist.org/projects/city-nature-challenge-2019-charlottesville-va,The Nature Conservancy Virginia,"Monticello
Lewis and Clark Exploratory Center
Rivanna Conservation Alliance
Three Notch'd Brewing",true
http://138.68.1.184/profiles/53/?format=json,53,"No. 300, Syue-Fu Rd., East District",Chiayi,--,23.480075,120.449111,,60004,Taiwan,https://www.inaturalist.org/projects/city-nature-challenge-2019-chiayi,"Department of Biological Resources, National Chiayi University","Center of Biodiversity, National Chiayi University; National Chiayi University; Yushan National Park Headquarters",true
http://138.68.1.184/profiles/158/?format=json,158,,Chicago Wilderness,Illinois,41.977955,-87.883649,,,USA,https://www.inaturalist.org/projects/city-nature-challenge-2019-chicago-wilderness-region,"Katie Miller, Oliver Burrus","Northeastern Illinois University, Department of Geography and Environmental Studies; Whimbrel Birders Club; Friends of the Forest Preserves",true
http://138.68.1.184/profiles/54/?format=json,54,"Chihuahua, Chihuahua, Mexico",Chihuahua,Chihuahua,28.632996,-106.0691,Desierto Chihuahuense,31115,Mexico,https://www.naturalista.mx/projects/reto-naturalista-urbano-2019-chihuahua-mexico,Carlos Aaron González Márquez,"Naturalista MX, CONABIO",true
http://138.68.1.184/profiles/55/?format=json,55,,Christchurch,Canterbury,-43.532054,172.636225,,,New Zealand,https://inaturalist.nz/projects/city-nature-challenge-2019-christchurch,"Christchurch City Council, iNaturalist.nz, New Zealand Bio-Recording Network Trust",,true
http://138.68.1.184/profiles/56/?format=json,56,,Ciudad de México,México,19.432919,-99.136281,Centro de México,1,México,https://www.naturalista.mx/projects/reto-naturalista-urbano-2019-ciudad-de-mexico-cdmx,"Elizabeth Torres B. de la Comisión Nacional para el Conocimiento y Uso de la Biodiversidad (CONABIO), .","Fundación Carlos Slim, Gobierno de la Ciudad de México a través de la Secretaría de Medio Ambiente (SEDEMA)",true
http://138.68.1.184/profiles/57/?format=json,57,,Cleveland-Akron-Canton,Ohio,41.068965,-81.495174,,,United States,https://www.inaturalist.org/search?q=city%20nature%20challenge%202019%20cleveland,"Cleveland Museum of Natural History
Stark Parks",,true
http://138.68.1.184/profiles/59/?format=json,59,1401 Recreation Way,Colorado Springs,Colorado,38.833882,-104.821363,,80905,USA,http://ColoradoSprings.gov/CNC19-COS,"Colorado Springs Parks, Recreation and Cultural Services",,true
http://138.68.1.184/profiles/60/?format=json,60,,Concepción,Concepción,-36.820135,-73.04439,Biobío,4030000,Chile,https://www.inaturalist.org/projects/desafio-naturalista-urbano-biobio-2019-chile,Universidad de Concepción,Laboratorio de Estudios Algales - AlgaLAB,true
http://138.68.1.184/profiles/61/?format=json,61,,Conde,,-7.260824,-34.907788,,,Brazil,https://www.inaturalist.org/projects/city-nature-challenge-2019-conde,,,true
http://138.68.1.184/profiles/160/?format=json,160,2446 N. Oso Pkwy,Corpus Christi,Texas,27.800583,-97.396381,Coastal,78414,usa,,Caleb Harris,Coastal Bend Children in Nature,true
http://138.68.1.184/profiles/162/?format=json,162,,Cuiabá,,-15.601411,-56.097892,,,Brazil,https://www.inaturalist.org/projects/city-nature-challenge-2019-cuiaba,,,true
http://138.68.1.184/profiles/163/?format=json,163,,Curitiba,,-25.480876,-49.304425,,,Brazil,https://www.inaturalist.org/projects/city-nature-challenge-2019-curitiba,,,true
http://138.68.1.184/profiles/161/?format=json,161,,Dallas / Fort Worth,Texas,32.776664,-96.796988,,,USA,https://tpwd.texas.gov/huntwild/wild/wildlife_diversity/texas_nature_trackers/naturechallenge/,"Texas Parks and Wildlife, City of Coppell","Texas Master Naturalists, City of Dallas, City of Fort Worth, Heard Museum, City of Arlington, City of Mansfield, Audubon, City of Grapevine, Coppell, UNT, Tarleton State University, TCU, Texas Womens University",true
http://138.68.1.184/profiles/63/?format=json,63,,Duluth,Minnesota,46.786672,-92.100485,,,USA,https://www.inaturalist.org/projects/city-nature-challenge-2019-twin-ports,University of Minnesota Sea Grant Program,"Fond du Lac Band of Lake Superior Chippewa Resource Management Division, Fond du Lac Tribal and Community College, Lake Superior Regional Citizen Science Collaborative, Lake Superior Research Institute, Lake Superior Zoo, Minnesota Master Naturalists, Oldenburg Arts and Cultural Community",true
http://138.68.1.184/profiles/64/?format=json,64,,El Paso,Texas,31.761878,-106.485022,,,USA,https://www.inaturalist.org/projects/city-nature-challenge-2019-el-paso,Texas Parks & Wildlife,"El Paso Audubon, Frontera Land Alliance, Franklin Mountains Wilderness Coalition, Texas Master Naturalists",true
http://138.68.1.184/profiles/65/?format=json,65,,Ensenada,Baja California,31.866743,-116.596371,,,Mexico,https://www.naturalista.mx/projects/reto-naturalista-urbano-2019-ensenada-baja-california-mexico,"Fauna del Noroeste, El Nido, Pro Esteros","Club de Herpetología UABC, Cet Mar 11, Inpacvi, Laboratorio de Manejo y Conservación de Vida Silvestre, Club los Correcaminos, Contacto Salvaje, Club de Manejo y Conservación de Fauna Silvestre UABC, Tipai's Adolescent Program, CICESE, GEAR, Caracol Museo de Ciencias",true
http://138.68.1.184/profiles/66/?format=json,66,,Eugene-Springfield,Oregon,44.046236,-123.022029,,,USA,https://www.inaturalist.org/projects/city-nature-challenge-2019-eugene-springfield,The Nature Conservancy in Oregon,"The Nature Conservancy in Oregon,
Bureau of Land Management,
Willamette Resource Education Network,
Willamalane Park and Recreation District,
Nearby Nature,
Mount Pisgah Arboretum,
Willamette Riverkeeper",true
http://138.68.1.184/profiles/165/?format=json,165,,Florianópolis,,-27.59487,-48.548219,,,Brazil,https://www.inaturalist.org/projects/city-nature-challenge-2019-florianopolis,,,true
http://138.68.1.184/profiles/166/?format=json,166,,Fortaleza,,-3.732714,-38.526998,,,Brazil,https://www.inaturalist.org/projects/city-nature-challenge-2019-fortaleza,,,true
http://138.68.1.184/profiles/67/?format=json,67,1745 Hoffman Mill Rd.,Fort Collins,Colorado,40.58526,-105.084423,Larimer County,80524,USA,https://www.inaturalist.org/projects/city-nature-challenge-2019-northern-colorado,Fort Collins Natural Areas,"Larimer County Open Space
Bird Conservancy of the Rockies
Gardens on Spring Creek
Audubon Rockies
Poudre School District
Colorado State University
Environmental Learning Center",true
http://138.68.1.184/profiles/68/?format=json,68,"The Habitat Penang Hill, Bukit Bendera, 11300 Penang, Malaysia",Georgetown,Penang,5.435637,100.3091,Penang Island,11300,Malaysia,https://www.inaturalist.org/projects/city-nature-challenge-2019-penang-island,"The Habitat Foundation, The Habitat Penang Hill","Penang Hill Corporation, Friends of Penang Botanical Gardens Society, Malaysian Primatological Society, Malaysian Nature Society Penang, Penang Forestry Department, Penang Education Department Northeast District, Penang Education Department Southwest District, Night Spotting Project, Nature Classroom, Nature Walks Penang Hill, School of Biological Sciences Universiti Sains Malaysia",true
http://138.68.1.184/profiles/69/?format=json,69,,Glasgow,,55.864237,-4.251806,,,Scotland,https://www.inaturalist.org/projects/city-nature-challenge-2019-glasgow,,,true
http://138.68.1.184/profiles/167/?format=json,167,,Goiânia,,-16.686898,-49.264811,,,Brazil,https://www.inaturalist.org/projects/city-nature-challenge-2019-goiania,,,true
http://138.68.1.184/profiles/70/?format=json,70,,Greater Manchester,,53.457595,-2.157838,,,United Kingdom,https://www.inaturalist.org/projects/city-nature-challenge-2019-greater-manchester,"Manchester Museum, Greater Manchester Ecology Unit, RSPB, Wildlife Trust for Lancashire, Manchester and North Merseyside, City of Trees","Manchester City Council, Salford City Council, Woodland Trust, Friends of Alexandra Park, Friends of Chorlton Meadows, Friends of Lightoaks Park, Friends of Fletcher Moss, Friends of Blackley Forest, and thanks to all the community groups getting involved",true
http://138.68.1.184/profiles/114/?format=json,114,,Greater Philadelphia Area,Pennsylvania,39.950314,-75.150926,,,USA,https://www.inaturalist.org/projects/city-nature-challenge-2019-greater-philadelphia-area,Philly CNC Organizing Committee,"Philadelphia Parks and Recreation, John Heinz National Wildlife Refuge, Philadelphia Science Festival, Philadelphia Office of Sustainability, Free Library of Philadelphia, Tookany/Tacony-Frankford Watershed Partnership, Pennsylvania Amphibian & Reptile Survey, Delaware Valley Ornithological Club, Briar Bush Nature Center, Interpret Green, BioPhilly, Villanova University, Thomas Jefferson University, Bartram’s Garden, Clean Air Council, Natural Lands, New Jersey Conservation Foundation, Philly ICO, Sierra Club – Southeastern Pennsylvania Group, Awbury Arboretum, Friends of the Wissahickon",true
http://138.68.1.184/profiles/71/?format=json,71,,Halifax,Nova Scotia,44.648764,-63.575239,,,Canada,https://inaturalist.ca/projects/city-nature-challenge-2019-halifax-regional-municipality,COINAtlantic,iNaturalist.ca,true
http://138.68.1.184/profiles/72/?format=json,72,Las Quintas,Hermosillo,Hermosillo,29.072967,-110.955919,Sonora,83240,México,https://www.naturalista.mx/projects/reto-naturalista-urbano-2019-hermosillo-sonora,"Rafael A. Lara Resendiz, 
Sergio Muller,
Sofia Vargas,
Isaí Valle Jiménez,
Yaredh Ramírez Enríquez, 
Lourdes Canizales,
Iván Souffle","Colectivo Caminantes del Desierto,
Desierto Vivo, 
Club de Herpetología-UNISON",true
http://138.68.1.184/profiles/73/?format=json,73,1 Independence Court Apt 405,Hoboken,NJ,40.743991,-74.032363,Hudson County,7030,US,https://www.inaturalist.org/projects/hoboken-city-nature-challenge-2019,Resilience Adventures,"Fund for A Better Waterfront,
Hoboken Cove Boathouse,
The Climate Mobilization,
The City of Hoboken,
Stevens Institute of Technology,
Elysian Charter School",true
http://138.68.1.184/profiles/74/?format=json,74,,Hong Kong SAR,--,22.319304,114.169361,,,China,https://www.inaturalist.org/projects/city-nature-challenge-2019-hong-kong,Hong Kong CNC Consortium,"A Team Edventures,
Animals Asia,
Ark Eden,
Arup HK,
Buddhist Wong Fung Ling College,
Bloom Association,
Canadian International School,
Caritas Chan Chun Ha Field Studies Centre,
Cheung Chuk Shan College,
Citizen Science Asia,
Conservation International HK,
Creative Secondary School,
Delia School of Canada,
Discovery Bay International School,
Encompass HK,
HK MOTHers,
HKFEW Wong Cho Bao Secondary School,
HKU, School of Biological Sciences,
Hong Kong Bird Watching Society,
Hong Kong Explorers Initiative,	
Hong Kong Golf Club,
Hong Kong Hiking Meetup,
Hong Kong Institute of Vocational Education,
Hong Kong International School,
Hong Kong Science Museum,
International College Hong Kong,
International Schools Foundation Academy,
International Society of Arboriculture (ISA), Hong Kong Chapter,
Island School ESF,
Kellett School,
Korean International School,
Living Lamma,
Lung Fu Shan Environmental Education Centre,
Nord Anglia International School,
Ocean Park,
Outward Bound Hong Kong,
Outdoor Wildlife Learning HK,
Plastic Free Seas,
Royal Geographical Society HK,
Shau Kei Wan East Government Secondary School,
Sing Yin Secondary School,
Singapore International School,
SKH Kei Hau Secondary School,
SKH Tang Shiu Kin Secondary School,
St. Paul’s Co-Educational College,
St. Stephen’s Girls’ College,
Stewards Pooi Kei College,
South Island School ESF,
The Chinese Foundation Secondary School,
The Conservancy Association,
The Harbour School,
The Nature Conservancy HK,
wildcreatureshongkong.org,
WWF HK",true
http://138.68.1.184/profiles/75/?format=json,75,,Houston,Texas,29.760427,-95.369803,,,USA,https://www.inaturalist.org/projects/city-nature-challenge-2019-houston,Texas Parks & Wildlife,"Houston Audubon, The Nature Conservancy, Texas Master Naturalist, The James B Harrison Foundation, Kickerillo-Mischer Preserve, Texas A&M Forest Service, Longfellow Elementary, Houston-Native Prairies Association of Texas, Houston Arboretum & Nature Center, Katy Prairie Conservancy, Memorial Park Conservancy, Resource Environmental Solutions",true
http://138.68.1.184/profiles/76/?format=json,76,,Indianapolis,Indiana,39.768403,-86.158068,,,USA,https://indianasciences.org/events/cnc/cnc-2019/,Indiana Sciences,"Keep Indianapolis Beautiful, Sustain Indy, Indy Parks and Recreation, Reconnecting to our Waterways, Indiana Wildlife Federation, Kheprw Institute, March for Science Indianapolis",true
http://138.68.1.184/profiles/169/?format=json,169,,João Pessoa,,-7.119496,-34.845012,,,Brazil,https://www.inaturalist.org/projects/city-nature-challenge-2019-joao-pessoa,,,true
http://138.68.1.184/profiles/77/?format=json,77,,Karlovac,,45.492897,15.555268,,47000,Croatia,https://www.inaturalist.org/projects/city-nature-challenge-2019-karlovac,Udruga Znanstvenici amateri (NGO Amateur Scientist),,true
http://138.68.1.184/profiles/96/?format=json,96,,Kihei,Hawaii,20.764428,-156.445006,,96753,USA,https://www.inaturalist.org/projects/city-nature-challenge-2019-maui,Maui Nui Natural History,Kealia Pond National Wildlife Refuge,true
http://138.68.1.184/profiles/78/?format=json,78,,Klang Valley,Selangor/Kuala Lumpur/Putrajaya,2.681734,101.661293,,,Malaysia,https://www.inaturalist.org/projects/city-nature-challenge-2019-klang-valley,"University of Malaya, The Rimba Project, Water Warriors UM, Rimba Ilmu Botanic Garden","Association of Science Technology and Innovation (ASTI), Applied Agricultural Resources (AAR), Malaysian Cave and Karst Conservancy (MCKC), Taman Tugu Project (TT), Free Tree Society (FTS), International University of Malaya-Wales (IUMW)",true
http://138.68.1.184/profiles/82/?format=json,82,,Lake Charles,Louisiana,30.226595,-93.217376,,70601,United States,https://www.inaturalist.org/projects/city-nature-challenge-2019-southwest-louisiana,Southwest Louisiana Master Naturalists,,true
http://138.68.1.184/profiles/83/?format=json,83,,Lansing,Michigan,42.732535,-84.555535,"Ingham, Eaton, Clinton, Shiawassee Counties",,USA,https://www.inaturalist.org/projects/city-nature-challenge-2019-greater-lansing-region,Fenner Nature Center,,true
http://138.68.1.184/profiles/79/?format=json,79,"Calle Gabino Villanueva #340, Calacoto",La Paz,La Paz,-16.489689,-68.119294,,,Bolivia,https://www.inaturalist.org/projects/reto-ciudad-naturaleza-la-paz-2019-cnc,"Wildlife Conservation Society, Carrera de Biología -Universidad Mayor de San Andrés, Instituto de Ecología, Museo Nacional de Historia Natural",National Geographic,true
http://138.68.1.184/profiles/80/?format=json,80,,La Plata,Buenos Aires,-34.920495,-57.953566,Buenos Aires,1900,Argentina,http://www.cncargentina.com.ar,"Joaquín Cochero - CONICET - UNLP
Cristina Damborenea - FCNyM - UNLP
Renato García - UNDAV","SNDB
GBif Argentina
AppEAR
Caza Mosquitos
GeoVin",true
http://138.68.1.184/profiles/84/?format=json,84,,Lecce,Italy,40.351515,18.175016,Apulia,73100,Italia,https://natusfera.gbif.es/projects/cluster-italia-lecce-cnc-2019,WWF Salento,"WWF Salento, Università del Salento, Comune di Lecce, WWF Young Italy,
Natusfera
WWF Italia
AIGAE Associazione Italiana Guide Ambientali Escursionistiche
Polyxena
CNGEI - Associazione Scout Laica
Associazione Antropia - CEA Cisternino
EBN Italia
For PLAY s.r.l
ENVI.INFO
Dolce Vita Magazine
Italia Che Cambia
Radio3 Rai
Sapereambiente
Fondazione CON IL SUD
CESAB",true
http://138.68.1.184/profiles/85/?format=json,85,,Leicester,,52.636878,-1.139759,,,United Kingdom,https://www.naturespot.org.uk/citynaturechallenge,"Leicester City Council
NatureSpot 
Leicestershire and Rutland Wildlife Trust","The University of Leicester 
The Conservation Volunteers 
Knighton Wild
Leicestershire and Rutland Ornithological Society 
The Heritage Initiative",true
http://138.68.1.184/profiles/86/?format=json,86,,Lima,--,-12.046373,-77.042754,,51,Perú,https://www.inaturalist.org/projects/city-nature-challenge-2019-lima-peru,Ciencia Ciudadana Perú,"Conciencia Marina
RAANA
AUPFAS
CIBOSEC
Flora y Fauna Perú
CORBIDI
GEECO",true
http://138.68.1.184/profiles/87/?format=json,87,,Liverpool City Region,--,53.408371,-2.991573,,,United Kingdom,https://www.inaturalist.org/projects/city-nature-challenge-2019-liverpool-city-region,"Cheshire rECOrd,Merseyside BioBank,Lancashire Wildlife Trust","Croxteth Park Volunteer Group,Knowsley Ranger Service,Knowsley Safari Park,Liverpool Parks,Nature Connected,Port Sunlight River Park (Autism Together and Land Trust),RSPB,St Helens Ranger Service,Wirral Environmental Network,Wirral Wildlife",true
http://138.68.1.184/profiles/88/?format=json,88,,Logan,Utah,41.73698,-111.833836,,84321,USA,https://www.inaturalist.org/projects/city-nature-challenge-2019-logan-ut,Harold Ikerd,"USDA-ARS Bee Lab, The Center for Creativity Innovation & Discovery",true
http://138.68.1.184/profiles/89/?format=json,89,,London,Greater London,51.507351,-0.127758,,,United Kingdom,http://www.nhm.ac.uk/take-part/citizen-science/bioblitz/city-nature-challenge-2019-london.html,"Natural History Museum, The Royal Parks, Field Studies Council, University College London, London Environmental Educators Forum",,true
http://138.68.1.184/profiles/90/?format=json,90,,Los Angeles County,California,34.052227,-118.24366,,,USA,https://www.inaturalist.org/projects/city-nature-challenge-2019-los-angeles,Natural History Museum of Los Angeles County,"Amigos de Los Rios,
Aquarium of the Pacific,
Arroyos & Foothills Conservancy,
Audubon Center at Debs Park,
Autry Museum of the American West,
Cabrillo Marine Aquarium,
California Institute of Technology,
California Science Center,
Community Nature Connection,
Descanso Gardens,
FoLAR,
Grown in LA,
Heal the Bay,
Kidspace Museum,
LA Sanitation & Environment/City of Los Angeles,
Long Beach City College, 
Los Angeles Audubon Society,
Los Angeles County Chief Sustainability Office,
Los Angeles County Department of Parks and Recreation,
Los Angeles Zoo & Botanical Gardens,
National Park Service,
Resource Conservation District of the Santa Monica Mountains,
Santa Monica College,
Theodore Payne Foundation,
UCLA Botanical Garden,
Whittier Narrows Nature Center",true
http://138.68.1.184/profiles/91/?format=json,91,,Lower Rio Grande Valley,Texas,26.186725,-97.849715,,,USA,https://www.inaturalist.org/projects/city-nature-challenge-2019-lower-rio-grande-valley,Texas Parks & Wildlife,Texas Master Naturalist,true
http://138.68.1.184/profiles/92/?format=json,92,25 Rue Münster,Luxembourg,--,49.611621,6.131935,,2160,Luxembourg,https://www.inaturalist.org/projects/city-nature-challenge-2019-luxembourg,Musée national d'histoire naturelle Luxembourg (National Museum of Natural History),,true
http://138.68.1.184/profiles/93/?format=json,93,,Macau SAR,--,22.198745,113.543873,,,China,https://www.inaturalist.org/projects/city-nature-challenge-2019-macau,Macau CNC Consortium,"University of Macau
Macau Green Student Union",true
http://138.68.1.184/profiles/94/?format=json,94,"GBIF Spain - Real Jardín Botánico (RJB-CSIC). C/ Claudio Moyano, 1",Madrid,Madrid,40.416775,-3.70379,Madrid,28014,España,https://natusfera.gbif.es/projects/biomaraton-madrid-cnc-2019,"GBIF Spain, Real Jardín Botánico (RJB-CSIC), Asociación Naturalista Primilla (ANAPRI)","CIEA Huerto del Retiro, Colegio Areteia, CIEA Dehesa de la Villa, CEA Arboreto Luis Ceballos, MediaLab Prado, CIEA Casa de Campo, CEA Polvoranca, CEA Caserío de Henares, CEA Campillo, CEA Bosquesur, Colegio Nazaret Oporto, Ayuntamiento de Colmenar Viejo",true
http://138.68.1.184/profiles/172/?format=json,172,,Manaus,,-3.119028,-60.021731,,,Brazil,https://www.inaturalist.org/projects/city-nature-challenge-2019-manaus,,,true
http://138.68.1.184/profiles/95/?format=json,95,,Manhattan,Kansas,40.78306,-73.971249,,,USA,https://www.inaturalist.org/projects/city-nature-challenge-2019-manhattan-ks,Ryan Donnelly,"Kansas State University's Wildlife Society,
The Nature Conservancy in Kansas",true
http://138.68.1.184/profiles/97/?format=json,97,,Mazatlán,Sinaloa,23.249415,-106.411142,,,México,https://www.inaturalist.org/projects/city-nature-challenge-2019-mazatlan-sinaloa-mexico,"Paco´s Reserva de Flora y Fauna, Escuela Normal Experimental de El Fuerte extensión Mazatlán ENEF, Facultad de Ciencias Marinas UAS, Mazatlán Consciente, Centro de Investigación en Alimentación y Desarrollo A.C. CIAD, Alas y Raíces de México, H. Ayuntamiento de Mazatlán, Secretaria de desarrollo económico y turismo de Mazatlán, Secretaria de Turismo Sinaloa","ECOS, Ecosistemas Costeros Sustentables, Comisión Nacional de Áreas Naturales Protegidas CONANP, Vista Tours, Patronato Parque Natural Faro Mazatlán, Onca Explorations, ¿Cómo ves? Difusión de la ciencia, Sociedad de Malacología de México, Unidad Académica Mazatlán  Universidad Nacional Autónoma de México, El Cid Resorts, Pueblo Bonito. Golf & Spa Resorts, Reserva Natural Jinetes de los Machado",true
http://138.68.1.184/profiles/98/?format=json,98,Jardín Botanico de Medellin,Medellín,Antioquia,6.244203,-75.581212,NA,0,Colombia,https://www.botanicomedellin.org/servicios/ciencia-y-biodiversidad/reto-naturalista-2019/,"Medellín Botanical Garden, Mesa de Biodiversidad de Medellín","Instituto Alexander von Humboldt, Secretaria de Ambiente de Medellín, Parque Zoológico Santa Fe, Metro de Medellín, Parque Explora, Museo de Ciencias Naturales de La Salle – ITM, Corporación Parque Arvi, Universidad Ces, Universidad Eafit, Programa de Biología, Universidad de Antioquia, Universidad Nacional sede Medellín, Universidad EIA, Comfenalco Antioquia, LaSavia-Jardinería & Botanica, Pacto por los Bosques de Antioquia, Programa de Bosques Andinos, Parques Nacionales de Colombia, Área Metropolitana del Valle de Aburrá, Instituto de Ciencias Naturales, Universidad Nacional de Colombia, Tecnológico de Antioquia, Corantioquia",true
http://138.68.1.184/profiles/99/?format=json,99,1101 Biscayne Blvd,Miami,Florida,25.76168,-80.19179,,33132,USA,https://www.inaturalist.org/projects/city-nature-challenge-2019-miami,"Phillip and Patricia Frost
Museum of Science, Florida International University, Mountain to Sea Education","Citizens for a Better South Florida, Biscayne Nature Center, Be the Sealution, The Climate Crusader, Dream in Green, Fairchild Connect To Protect Network, FIU International Center for Tropical Botany, Miami ECOTours/MDC Parks, Miami-Dade Environmentally Endangered Lands, The Nature Conservancy Wagner Creek project, University of Miami’s Rescue A Reef, Tropical Audubon Society, Virginia Key Outdoor Center, Vizcaya Museum and Gardens",true
http://138.68.1.184/profiles/100/?format=json,100,,Minneapolis/St. Paul,Minnesota,44.953703,-93.089958,"7-county metro area surrounding Minneapolis and St. Paul, Minnesota",,USA,https://www.inaturalist.org/projects/city-nature-challenge-2019-minneapolis-st-paul,University of Minnesota Extension,"Minnesota Valley National Wildlife Refuge, Wargo Nature Center, Como Woodland Outdoor Classroom, NPS/Mississippi National River and Recreation Area, Minneapolis Park & Recreation Board, St Paul Parks & Recreation, Three Rivers Park District/Lowry Nature Center, City of Mahtomedi, Minnesota Zoo, and many more!",true
http://138.68.1.184/profiles/101/?format=json,101,"Carlos I 140, Bosques del Rey",Monterrey,Nuevo Leon,25.686614,-100.316113,,6794,Mexico,https://www.naturalista.mx/projects/reto-naturalista-urbano-2019-monterrey-zona-metropolitana,"Naturalista-CONABIO, Abeja y Planta, Mariposas Azules, Líquenes del NorEste, Observadores de Aves del Río La Silla, Parque Ecológico Chipinque, NatuSalud, Comunidad Mexicana de Fotógrafos de la Naturaleza, Municipio de San Pedro Garza García, Secretaría de Desarrollo Sustentable, Parques y Vida Silvestre de NL","Preparatoria 16-UANL, CAmbiental,  Battus, Parque Rufino Tamayo, ECOPSY, Hortux, Huertos Urbanos, Tacos de amor, Cerro Grande Natura and City Tours, Entropía Laboratorio, Preparatoria Pablo Livas Unidad Centro, CECYTE 1 y 2 -García",true
http://138.68.1.184/profiles/102/?format=json,102,P.O. Box 59078,Nairobi,,-1.292066,36.821946,,200,Kenya,https://www.inaturalist.org/projects/city-nature-challenge-2019-nairobi-city,"Brian Waswala, Maina Muniafu, Elisabeth Wangeci, Paul Mutuku, Vivian Kinoti, Euriter Muthoni, Damaris Rotich, Nancy Wamalwa","Regional Center of Expertise Greater Nairobi, United States International University - East Africa, National Museums of Kenya, AROCHA, Internet to Elephants, Elimu TV, KASS TV, Kenya Inter-Universities Environmental Societies Association,",true
http://138.68.1.184/profiles/25/?format=json,25,,Naples,Naples,40.851798,14.26812,Campania,,Italy,https://www.inaturalist.org/projects/biodiversina-city-nature-challenge-2019,"Società dei Naturalisti in Napoli, 
Città della Scienza di Napoli","Università degli Studi di Napoli Federico II,Orto  Università degli Studi di Napoli Federico II,Dipartimento di Biologia Università degli Studi di Napoli Federico II,Stazione Zoologica Anton Dohrn, Comune di Napoli",true
http://138.68.1.184/profiles/103/?format=json,103,2 Victory Avenue Suite #300,Nashville,Tennessee,36.162664,-86.781602,,37213,USA,https://www.inaturalist.org/projects/city-nature-challenge-2019-nashville-tn,Cumberland River Compact,"Warner Park Nature Center, Bells Bend Outdoor Center",true
http://138.68.1.184/profiles/173/?format=json,173,,Natal,,-5.779257,-35.200916,,,Brazil,https://www.inaturalist.org/projects/city-nature-challenge-2019-natal,,,true
http://138.68.1.184/profiles/106/?format=json,106,,Newcastle upon Tyne,,54.978252,-1.61778,,,United Kingdom,https://greatnorthmuseum.org.uk/whats-on/city-nature-challenge,"Great North Museum, Natural History Society of Northumbria, Environmental Records Information Centre North East",,true
http://138.68.1.184/profiles/104/?format=json,104,,New Orleans,Louisiana,30.47547,-90.100911,Louisiana,70433,USA,https://www.inaturalist.org/projects/city-nature-challenge-2019-greater-new-orleans-area,Jody Shugart,Louisiana Master Naturalists,true
http://138.68.1.184/profiles/107/?format=json,107,100 Museum Drive,Newport News,Virginia,37.087082,-76.473012,,23606,USA,https://www.inaturalist.org/projects/city-nature-challenge-2019-the-mariners-museum-and-park,The Mariners' Museum and Park,,true
http://138.68.1.184/profiles/105/?format=json,105,,New York City,New York,40.712775,-74.005973,,,USA,https://www.inaturalist.org/projects/city-nature-challenge-2019-new-york-city,"Macaulay Honors College, CUNY","The New York Botanical Garden, NYC Parks Department, National Wildlife Federation, WCS Education, Alliance for Flushing Meadows Corona Park, Randall's Island Park Alliance, Greenbelt Conservancy, WSP Eco Projects, Feminist Bird Club, Bronx River Alliance, Jamaica Bay-Rockaway Park Conservancy, Brooklyn Bridge Park Conservancy, Lower East Side Ecology Center",true
http://138.68.1.184/profiles/108/?format=json,108,3701 South 10th Street,Omaha,Nebraska,41.256537,-95.934503,,68107,USA,http://www.omahazoo.com/citynaturechallenge,"Omaha's Henry Doorly Zoo & Aquarium, Omaha STEM Ecosystem,","American Spring Live, Nature, Nebraska Public Television - NET, City Sprouts, Fontenell Forest, Girl Scouts - Spirit of Nebraska, Heron Haven, Joslyn Castle, Mulhall's Nursey, Nebraska Wildlife Rehab Inc., Commerce Village, Omaha Public Libraries, Watchable Wildlife, City of Omaha, Omaha Public Power District, Civic NE Sherman, F. B.C Service Corporation,  Papio Missouri River, Omaha Green Coalition,",true
http://138.68.1.184/profiles/110/?format=json,110,,Ostuni,Brindisi,40.729523,17.577998,Puglia,72017,Italy,https://natusfera.gbif.es/projects/cluster-italia-ostuni-cnc-2019,Parco Naturale Regionale Dune Costiere da Torre Canne a Torre S. Leonardo,"Polyxena a.p.s. , Associazione Antropia- CEA Cisternino, Igers Valle d'Itria, ForPlay s.r.l., Natusfera, WWF Italia, 
AIGAE - Associazione Italiana Guide Ambientali Escursionistiche, CNGEI - Associazione Scout Laica, EBN Italia, ENVI.INFO, Dolce Vita Magazine, Italia Che Cambia, Radio3 Rai, Sapereambiente, Fondazione CON IL SUD, CESAB",true
http://138.68.1.184/profiles/112/?format=json,112,,Pamplona - Iruña,Navarra,42.812526,-1.645775,,,Spain,https://natusfera.gbif.es/projects/biomaraton-pamplona-iruna-cnc-2019,Terrabiota - Ciencia Viva,"Universidad Pública de Navarra, Museo de Ciencias  Universidad de Navarra, Sociedad de Ciencias Aranzadi,  Gurelur - Fondo Navarro para la Protección del Medio Natural, Muskari Rastros, IES Zizur Mayor.",true
http://138.68.1.184/profiles/113/?format=json,113,,Panamá,Panamá,8.984298,-79.536689,,,Panamá,https://www.inaturalist.org/projects/reto-naturalista-urbano-2019-ciudad-de-panama,Sociedad Audubon de Panamá,"Biomuseo, Parque Municipal Summit, Parque Natural Metropolitano, Municipio de Panamá, Ministerio de Ambiente",true
http://138.68.1.184/profiles/176/?format=json,176,,Parintins,,-2.633616,-56.73197,,,Brazil,https://www.inaturalist.org/projects/city-nature-challenge-2019-parintins,,,true
http://138.68.1.184/profiles/115/?format=json,115,,Pittsburgh,Pennsylvania,40.440625,-79.995886,,,United States,https://www.inaturalist.org/projects/city-nature-challenge-2019-pittsburgh,"Carnegie Museum of Natural History,
Allegheny Land Trust","Blue Heron Nature Skills, Jacobs Creek Watershed Association, Upper St. Clair Citizens for Land Stewardship, Pennsylvania Master Naturalists - Allegheny Chapter, Winnie Palmer Nature Reserve",true
http://138.68.1.184/profiles/116/?format=json,116,750 Channel View Dr,Port Aransas,Texas,27.833916,-97.061099,,78373,United States,https://www.inaturalist.org/projects/city-nature-challenge-2019-mustang-island-texas,"Mission-Aransas National Estuarine Research Reserve at the University of Texas Marine Science Institute, City of Port Aransas Nature Preserve",Mustang Island State Park,true
http://138.68.1.184/profiles/117/?format=json,117,"Environment and Conservation Unit, Centre for Environment, Human Rights and Development (CEHRD), Legacy Centre, 6 Abuja Lane, D-Line, Port Harcourt, Rivers State, Nigeria",Port Harcourt,River State,4.815554,7.049844,,500261,Nigeria,https://cehrd.org.ng,"Dr Nenibarini Zabbey
Dr Kabari Sam
Kenneth Odoh
Charity Laku","Centre for Environment, Human Right and Development (CEHRD)",true
http://138.68.1.184/profiles/178/?format=json,178,,Porto Alegre,,-30.034647,-51.217658,,,Brazil,https://www.inaturalist.org/projects/city-nature-challenge-2019-porto-alegre,,,true
http://138.68.1.184/profiles/118/?format=json,118,,Prague,,50.075538,14.4378,,,Czech Republic,https://www.inaturalist.org/projects/city-nature-challenge-2019-prague,National Museum,"Prague City Hall;
National Geographic Česko;
Faculty of Science, Charles University
Scientists.cz;
Faculty of Environmental Sciences: Czech University of Life Sciences Prague;
Czech Botanical Society;
Czech Bat Conservation Society;
Nature Conservation Agency of the Czech Republic;
Prague Zoo;
The House of Children and Youth of the Capital City Prague:
Station of scientists;
Biolib: biological library;
Lesy hl. m. Prahy;
Ekocentrum Koniklec;
Středisko ekologické výchovy Toulcův dvůr;
TEREZA, educational centre",true
http://138.68.1.184/profiles/119/?format=json,119,,Quito,Pichincha,-0.180653,-78.467838,,,Ecuador,https://natusfera.gbif.es/projects/desafio-naturaleza-urbana-descubre-quito-biodiverso,"Universidad Tecnológica Indoamérica, Zoológico de Quito, Natura Diversa","Escuela Politécnica Nacional, Instituto Nacional de Biodiversidad, Ministerio del Ambiente, Alcaldía de Quito, Quito Hábitat Silvestre, Natusfera",true
http://138.68.1.184/profiles/120/?format=json,120,"Prairie Ridge Ecostation, 1671 Gold Star Drive",Raleigh,North Carolina,35.77959,-78.638179,North Carolina,27607,USA,https://www.inaturalist.org/projects/city-nature-challenge-2019-triangle-area,Chris Goforth,"NCSU, Wake Nature Preserve Partnership",true
http://138.68.1.184/profiles/180/?format=json,180,,Recife,,-8.05224,-34.92861,,,Brazil,https://www.inaturalist.org/projects/city-nature-challenge-2019-recife,,,true
http://138.68.1.184/profiles/122/?format=json,122,,Richmond,Virginia,37.540725,-77.436048,,,USA,https://www.inaturalist.org/projects/city-nature-challenge-2019-richmond-c7882396-06f6-4ef6-96d6-9a58e24139e1,The Nature Conservancy in Virginia,,true
http://138.68.1.184/profiles/121/?format=json,121,,Richmond,British Columbia,37.540725,-77.436048,,Canada,,https://www.inaturalist.org/projects/city-nature-challenge-richmond-british-columbia,,,true
http://138.68.1.184/profiles/182/?format=json,182,,Rio de Janeiro,,-22.906847,-43.172896,,,Brazil,https://www.inaturalist.org/projects/city-nature-challenge-2019-rio-de-janeiro,,,true
http://138.68.1.184/profiles/123/?format=json,123,,Rochester,New York,43.156578,-77.608847,,,USA,,Seneca Park Zoo Society,,true
http://138.68.1.184/profiles/124/?format=json,124,"Piazzale Aldo Moro, 5",Roma,,41.902783,12.496366,,185,Italy,https://www.inaturalist.org/projects/city-nature-challenge-2019-roma,Department of Environmental Biology- Sapienza University of Rome; LIFE PRIMED,,true
http://138.68.1.184/profiles/125/?format=json,125,,Sacramento,California,38.581572,-121.4944,,,USA,https://cncsacramento.home.blog/,"Laci Gerhart-Barley, Ryan Meyer, Sarah Angulo, Chelle Temple-King, Juliana Yee","University of California Davis (Evolution and Ecology Department), Center for Community and Citizen Science, California Naturalist Program (UCANR), Powerhouse Science Center, UC Natural Reserve System, Effie Yeaw Nature Center, California Native Grasslands Association",true
http://138.68.1.184/profiles/126/?format=json,126,,Salt Lake City/The Wasatch,Utah,40.760779,-111.891047,,,USA,https://nhmu.utah.edu/programs/city-nature-challenge-wasatch-front,Natural History Museum of Utah,"Salt Lake City Parks & Public Lands, Jordan River Commission, Utah Open Lands, US Fish & Wildlife Service, Ogden Nature Center, Stokes Nature Center, Swaner Preserve and EcoCenter, The Nature Conservancy, Salt Lake County Libraries, Thanksgiving Point Institute",true
http://138.68.1.184/profiles/183/?format=json,183,,Salvador,,-12.977749,-38.50163,,,Brazil,https://www.inaturalist.org/projects/city-nature-challenge-2019-salvador,,,true
http://138.68.1.184/profiles/127/?format=json,127,,San Antonio,Texas,29.424122,-98.493628,,,USA,https://www.inaturalist.org/projects/city-nature-challenge-2019-san-antonio,Texas Parks & Wildlife,"Texas Master Naturalist, 
Headwaters Sanctuary at Incarnate Word, University of Texas - San Antonio, Bexar Audubon Society, Native Plant Society of Texas - San Antonio, San Antonio Botanical Garden",true
http://138.68.1.184/profiles/128/?format=json,128,1788 El Prado,San Diego,California,32.715738,-117.161084,CA,92101,United States,https://www.sdnhm.org/calendar/the-2019-city-nature-challenge,San Diego Natural History Museum - The Nat,"Earth Discovery Institute, Cabrillo National Monument, San Diego National Wildlife Refuge-US Fish & Wildlife Service, San Elijo Lagoon Conservancy, River Partners, The San Diego River Park Foundation, San Diego Tracking Team, San Diego Field Ornithologists, Tijuana River Estuary Research Reserve, University of San Diego, Miramar College,  Southwestern College, San Diego Citizen Science Network, North University Community Library, Hike San Diego, Mission Trails Regional Park, Anstine-Audubon Wildlife Preserve, Anza-Borrego Desert State Park",true
http://138.68.1.184/profiles/129/?format=json,129,,San Francisco Bay Area,California,37.827178,-122.291308,,,USA,https://www.inaturalist.org/projects/city-nature-challenge-2019-san-francisco-bay-area,California Academy of Sciences - Citizen Science Department,"San Mateo County Parks, Sequoia Audubon Society, East Bay Regional Park District, OneTam, Marin Municipal Water District, Palo Alto Open Space, Sonoma County Parks, Wholly H20, Sutro Stewards, Oakland Museum of Natural History, Community for Lake Merritt, California Center for Natural History, Bay Nature, Keep Coyote Creek Beautiful, California Native Plant Society Yerba Buena Chapter, Pepperwood Preserve, Presidio Trust",true
http://138.68.1.184/profiles/130/?format=json,130,"CALLEJON 16 DE SEPTIEMBRE, COMERCIAL",San Luis Rio Colorado,Sonora,32.451888,-114.771711,SONORA,83449,Mexico,,"San Luis Río Colorado,  Sonora
Mexicali, Baja California",Pronatura Noroeste AC,true
http://138.68.1.184/profiles/184/?format=json,184,,Santarem,,-2.450629,-54.700923,,,Brazil,https://www.inaturalist.org/projects/city-nature-challenge-2019-santarem,,,true
http://138.68.1.184/profiles/131/?format=json,131,,Santiago,--,-33.44889,-70.669265,,,Chile,,"CAPES-UC, Neguen, Fundación Ciencia Ciudadana","Ministerio del Medioambiente, Ministerio de Ciencia y Teconología, Programa Explora, Iniciativa Científica Milenio, Corporación DEF, Zoológico Nacional, Corporación Nacional Innovación y Desarrollo, ONG FIMA, Red de Observadores de Aves, Centro para el Impacto Socioeconómico de las Políticas Ambientales, Centro de Desarrollo Urbano Sustentable, Insituto de Ecología y Biodiversidad, Laboratorio Flores, Reserva Altos de Cantillan",true
http://138.68.1.184/profiles/186/?format=json,186,,São Paulo,,-23.55052,-46.633309,,,Brazil,https://www.inaturalist.org/projects/city-nature-challenge-2019-sao-paulo,,,true
http://138.68.1.184/profiles/132/?format=json,132,,Seattle-Tacoma Metropolitan Area,WA,47.606103,-122.332053,,,United States of America,https://www.inaturalist.org/projects/city-nature-challenge-2019-seattle-tacoma-metropolitan-area,"Woodland Park Zoo, Point Defiance Zoo & Aquarium",,true
http://138.68.1.184/profiles/133/?format=json,133,PO Box 171954,Spartanburg,South Carolina,34.949567,-81.932048,Southeast,29301,USA,https://www.inaturalist.org/projects/city-nature-challenge-2019-spartanburg-county-sc,Tyger River Foundation,,true
http://138.68.1.184/profiles/134/?format=json,134,,St. Louis Metro Area,Missouri and Illinois,38.627003,-90.199404,,,USA,https://tinyurl.com/CNCSTL-19,"BiodiverseCity St. Louis
City of St. Louis","Missouri Botanical Garden
Saint Louis Zoo
Academy of Science St. Louis
Missouri Department of Conservation
Heartlands Conservancy",true
http://138.68.1.184/profiles/135/?format=json,135,N/A,Tallahassee,Florida,30.438256,-84.280733,Southeast,32301,USA,https://www.inaturalist.org/projects/city-nature-challenge-2019-leon-county-florida,Florida Fish and Wildlife Conservation Commission,"WFSU, Coastal Plains Institute, Fish and Wildlife Foundation of Florida, University of Florida IFAS Extension, City of Tallahassee, Challenger Learning Center, Leon County Office of Sustainability, Apalachee Audubon Society, Native Nurseries, Proof Brewing Company,",true
http://138.68.1.184/profiles/136/?format=json,136,via cavallotti 117,Taranto,Italy,40.464361,17.24703,puglia,74123,Italy,https://natusfera.gbif.es/projects/cluster-italia-taranto-cnc-2019.mobile,WWF Taranto,"Comune di Taranto, Ecomuseo Palude la Vela e Mar Piccolo, 
Natusfera, WWF Italia, AIGAE - Associazione Italiana Guide Ambientali Escursionistiche, Polyxena a.p.s.,
CNGEI - Associazione Scout Laica,  EBN Italia, Associazione Antropia - CEA Cisternino, ForPLAY s.r.l, ENVI.INFO, Dolce Vita Magazine, Italia Che Cambia, Radio3 Rai, Sapereambiente, Fondazione CON IL SUD, CESAB",true
http://138.68.1.184/profiles/137/?format=json,137,City Hall. Shlomo Ibn Gabirol St 69,Tel Aviv,Tel Aviv,32.0853,34.781768,Central Israel,64162,Israel,https://www.inaturalist.org/projects/citynaturechallenge-2019-tel-aviv-jaffa-israel,"Tel Aviv Municipality environment department:
https://www.tel-aviv.gov.il/Residents/Environment/Pages/Environment.aspx

On facebook (green Tel Aviv)

https://www.facebook.com/greentelaviv/?fref=ts",Tel Aviv municipality,true
http://138.68.1.184/profiles/138/?format=json,138,,Tena,Napo,-0.996297,-77.813603,,,Ecuador,,"Instituto Nacional de Biodiversidad (INABIO), Universidad Regional Amazónica (IKIAM)",,true
http://138.68.1.184/profiles/187/?format=json,187,,Teresina,,-5.092011,-42.80376,,,Brazil,https://www.inaturalist.org/projects/city-nature-challenge-2019-teresina,,,true
http://138.68.1.184/profiles/139/?format=json,139,,Teton-Yellowstone Communities,Wyoming/Idaho,44.427963,-110.588455,,,USA,https://www.inaturalist.org/projects/city-nature-challenge-2019-teton-communities,,,true
http://138.68.1.184/profiles/140/?format=json,140,"Yume Campus, Tokyo City University、Futakotamagawa Rise Office, 2-21-1, Tamagawa",Tokyo,Setagaya,35.676192,139.650311,Tokyo,158-0094,Japan,https://www.inaturalist.org/projects/city-nature-challenge-2019-tokyo,"Hiromi Kobori,

Taku, Iwaki,","Tokyo Metropolitan Government,
Segatayaku,Govenment Office,
WWF Japan,",true
http://138.68.1.184/profiles/141/?format=json,141,"AV. MATAMOROS PONIENTE 643, CENTRO",Torreon,Coahuila,25.542844,-103.406786,Mexico,27000,Mexico,https://www.naturalista.mx/projects/reto-naturalista-urbano-2019-torreon-coahuila-mx,"Francisco Valdes
Ma. Refugio Loya
Daniela Guzman",Prodefensa del Nazas AC,true
http://138.68.1.184/profiles/142/?format=json,142,"Corso del lavoro e della scienza, 3",Trento,Trento,46.074779,11.121749,Trentino Alto Adige,,Italy,https://natusfera.gbif.es/projects/cluster-italia-trento-cnc-2019,"Muse, Museo delle Scienze di Trento","Società di scienze naturali del Trentino
Comune di Trento
Servizio Sviluppo Sostenibile e Aree Protette della Provincia Autonoma di Trento",true
http://138.68.1.184/profiles/143/?format=json,143,Contrada Castello,Trinitapoli,Barletta-Andria-Trani,41.359243,16.078841,Puglia,76015,Italy,https://natusfera.gbif.es/projects/cluster-italia-trinitapoli-cnc-2019,"""Casa di Ramsar"" 
Environmental Educatone Center
managed by L'Airone onlus no-profit association","Comune di Trinitapoli, Natusfera, WWF Italia, AIGAE, CNGEI - Associazione Scout Laica, Associazione Antropia - CEA Cisternino, EBN Italia, For PLAY s.r.l, ENVI.INFO, Dolce Vita Magazine, Italia Che Cambia, Radio3 Rai, Sapereambiente, Fondazione CON IL SUD, CESAB",true
http://138.68.1.184/profiles/144/?format=json,144,"907 S Detroit Ave, Suite 600",Tulsa,Oklahoma,36.153982,-95.992775,,74120,USA,,"Emily Mortimer, Kristen Tanner","Oxley Nature Center,Tulsa Zoo, Ray Harald, Nature Center, The Gathering Place",true
http://138.68.1.184/profiles/145/?format=json,145,,Tuxtla Gutierrez,Chiapas,16.751601,-93.102994,,29066,Mexico,https://www.naturalista.mx/projects/reto-naturalista-urbano-2019-tuxtla-gutierrez-chis-mexico,Comisión Nacional para el Conocimiento y Uso de la Biodiversidad (CONABIO); Tierra Verde Naturaleza y Cultura A.C; Global Youth Biodiversity Network -Nodo Chiapas; Club de Observadores de Aves de Tuxtla; Royal Flycatcher Birding & Nature Photography Tours; Pajaro Cantil A.C; Buro Municipal de Turismo Tuxtla Gutiérrez; Secretaria de Medio Ambiente y Movilidad Urbana de Tuxtla Gutierrez,Universidad de Ciencias y Artes de Chiapas; Colegio de Bachilleres de Chiapas; Parque Nacional Cañón del Sumidero (CONANP); Programa de Aves Urbanas (PAU); Conservación y Gestión Ambiental de los Recursos Naturales A.C.,true
http://138.68.1.184/profiles/146/?format=json,146,75 South Frontage Rd. West,Vail,CO,39.640264,-106.374195,,81657,US,,"Kristen Bertuglia
Pete Wadden",,true
http://138.68.1.184/profiles/111/?format=json,111,"Via Ludovico Lazzaro Zamenhof, 363",Vicenza,Italy,45.545479,11.535421,Veneto,36100,Italy,https://www.inaturalist.org/projects/city-nature-challenge-2019-vicenza-padova,WWF Vicenza-Padova,,true
http://138.68.1.184/profiles/159/?format=json,159,"Calzada General Luis Caballero SN, Sin Nombre de Colonia 21, 87060 Cd Victoria, Tamps.",Victoria,Tamaulipas,23.736916,-99.141115,Tamaulipas,87060,México,https://www.naturalista.mx/projects/biomaraton-cd-victoria-tam-2019,"Erick Ruben Rodriguez Ruiz
Arnulfo Moreno Valdez
Humberto Velez Horta
Cesar Puente Garcia","Dirección de Biodiversidad
Comisión de Parques y Biodiversidad de Tamaulipas
Gobierno del Estado de Tamaulipas",true
http://138.68.1.184/profiles/188/?format=json,188,,Vitória,,-20.297618,-40.295777,,,Brazil,https://www.inaturalist.org/projects/city-nature-challenge-2019-vitoria,,,true
http://138.68.1.184/profiles/147/?format=json,147,,Washington D.C. Metropolitan Area,Washington DC,39.128973,-77.378379,,,USA,https://citynaturechallengedc.org/,"Arlington Regional Master Naturalists, Capital Nature, Corazon Latino, D.C. Regional Citizen Science Network, National Geographic, Smithsonian Institution, The Nature Conservancy","Anacostia Watershed Society, Arlington Regional Master Naturalists, Calvert County Natural Resources Division, Calvert Nature Society, Capital Naturalist, Capital Nature, City of Rockville, Croydon Creek Nature Center, The Clifton Institute, Fairfax County Public Library, Four Mile Run Conservatory Foundation, Friends of Titanic Memorial, Friends of Wolf Trap, Lyon Park Garden, Montgomery Parks, The Nature Conservancy, Town of Chesapeake Beach and the Chesapeake Beach Green Team, Tudor Place Historic House and Garden",true
http://138.68.1.184/profiles/149/?format=json,149,,Wilmington,Delaware,39.744655,-75.548391,,,USA,https://www.inaturalist.org/projects/city-nature-challenge-2019-wilmington-delaware,Delaware Museum of Natural History,,true
http://138.68.1.184/profiles/150/?format=json,150,,Youngstown,Ohio,41.09978,-80.649519,Midwest,44512,USA,,Environmental Collaborative of Ohio,"Mill Creek MetroParks, Boardman Park, Boardman Local Schools, Austintown Local Schools, Mahoning County Career Technical Center, Trumbull Neighborhood Partnership, United Local School District",true
http://138.68.1.184/profiles/151/?format=json,151,,Zagreb,,45.815011,15.981919,,10000,Croatia,https://www.inaturalist.org/projects/city-nature-challenge-2019-zagreb,Udruga Znanstvenici amateri (NGO Amateur Scientist),,true